﻿<?xml version="1.0" encoding="utf-8"?><MD_Metadata xmlns:gco="http://www.isotc211.org/2005/gco" xmlns="http://www.isotc211.org/2005/gmd"><fileIdentifier><gco:CharacterString>urn:uuid:5cb5cbeb-fcbc-e111-a39d-bc305bd1b744</gco:CharacterString></fileIdentifier><language><LanguageCode codeList="http://standards.iso.org/ittf/PubliclyAvailableStandards/ISO_19139_Schemas/resources/Codelist/ML_gmxCodelists.xml#LanguageCode" codeListValue="fre">français</LanguageCode></language><characterSet><MD_CharacterSetCode codeList="http://standards.iso.org/ittf/PubliclyAvailableStandards/ISO_19139_Schemas/resources/Codelist/ML_gmxCodelists.xml#MD_CharacterSetCode" codeListValue="utf8">utf-8</MD_CharacterSetCode></characterSet><hierarchyLevel><MD_ScopeCode codeList="http://standards.iso.org/ittf/PubliclyAvailableStandards/ISO_19139_Schemas/resources/Codelist/ML_gmxCodelists.xml#MD_ScopeCode" codeListValue="dataset">dataset</MD_ScopeCode></hierarchyLevel><contact><CI_ResponsibleParty><individualName><gco:CharacterString>Frédérique Boucardet</gco:CharacterString></individualName><organisationName><gco:CharacterString>Département du Nord</gco:CharacterString></organisationName><contactInfo><CI_Contact><address><CI_Address><electronicMailAddress><gco:CharacterString>frederique.boucardet@cg59.fr</gco:CharacterString></electronicMailAddress></CI_Address></address></CI_Contact></contactInfo><role><CI_RoleCode codeList="http://standards.iso.org/ittf/PubliclyAvailableStandards/ISO_19139_Schemas/resources/Codelist/gmxCodelists.xml#CI_RoleCode" codeListValue="pointOfContact">pointOfContact</CI_RoleCode></role></CI_ResponsibleParty></contact><dateStamp><gco:Date>2002-01-01+01:00</gco:Date></dateStamp><metadataStandardName><gco:CharacterString>ISO 19115 Geographic Information - Metadata</gco:CharacterString></metadataStandardName><metadataStandardVersion><gco:CharacterString>2003/Cor.1:2006</gco:CharacterString></metadataStandardVersion><spatialRepresentationInfo><MD_VectorSpatialRepresentation><geometricObjects><MD_GeometricObjects><geometricObjectType><MD_GeometricObjectTypeCode codeList="http://standards.iso.org/ittf/PubliclyAvailableStandards/ISO_19139_Schemas/resources/Codelist/gmxCodelists.xml#MD_GeometricObjectTypeCode" codeListValue="complex">complex</MD_GeometricObjectTypeCode></geometricObjectType><geometricObjectCount><gco:Integer>7</gco:Integer></geometricObjectCount></MD_GeometricObjects></geometricObjects></MD_VectorSpatialRepresentation></spatialRepresentationInfo><referenceSystemInfo><MD_ReferenceSystem><referenceSystemIdentifier><RS_Identifier><code><gco:CharacterString>2154</gco:CharacterString></code><codeSpace><gco:CharacterString>urn:ogc:def:crs:EPSG</gco:CharacterString></codeSpace></RS_Identifier></referenceSystemIdentifier></MD_ReferenceSystem></referenceSystemInfo><identificationInfo><MD_DataIdentification><citation><CI_Citation><title><gco:CharacterString>Les ZICO dans la région Nord-Pas de Calais en 2002.</gco:CharacterString></title><alternateTitle><gco:CharacterString>zico</gco:CharacterString></alternateTitle><date><CI_Date><date><gco:DateTime>2012-06-23T06:37:19.807</gco:DateTime></date><dateType><CI_DateTypeCode codeList="http://standards.iso.org/ittf/PubliclyAvailableStandards/ISO_19139_Schemas/resources/Codelist/ML_gmxCodelists.xml#CI_DateTypeCode" codeListValue="revision">revision</CI_DateTypeCode></dateType></CI_Date></date><identifier><MD_Identifier><code><gco:CharacterString>5cb5cbeb-fcbc-e111-a39d-bc305bd1b744</gco:CharacterString></code></MD_Identifier></identifier></CI_Citation></citation><abstract><gco:CharacterString>Cette donnée représente les ZICO dans la région Nord-Pas de Calais en 2002. Zones d'Importance communautaire pour les oiseaux ou Zone Importante pour la Conservation des Oiseaux.(ZICO) Inventaire… ayant pour objet la protection, la gestion et la régulation des oiseaux vivant naturellement à l'état sauvage sur le territoire européen des États membres, en particulier des espèces migratrices. A partir de l'inventaire des ZICO, sont désignées les zones de protection spéciale (ZPS).(EIDER). 
Zone Importante pour la Conservation des Oiseaux (zone d'inventaire des biotopes et habitats des espèces les plus menacées d'oiseaux sauvages, établi à partir de critères scientifiques), utilisée pour l'application de la Directive du Conseil des Communautés européennes 79/409/CEE du 2 avril 1979, dite directive Oiseaux, concernant la conservation des oiseaux sauvages. 
A pour objectifs : 
- la protection d'habitats permettant d'assurer la survie et la reproduction des oiseaux sauvages rares ou menacés, 
- la protection des aires de reproduction, de mue, d'hivernage et des zones de relais de migration pour l'ensemble des espèces migratrices.(définition issue de : ATEN, Fiches juridiques 1998).</gco:CharacterString></abstract><descriptiveKeywords><MD_Keywords><keyword><gco:CharacterString>DREAL</gco:CharacterString></keyword><keyword><gco:CharacterString>environnement</gco:CharacterString></keyword><keyword><gco:CharacterString>Milieux Naturels</gco:CharacterString></keyword></MD_Keywords></descriptiveKeywords><descriptiveKeywords><MD_Keywords><keyword><gco:CharacterString>Sites protégés</gco:CharacterString></keyword><thesaurusName><CI_Citation><title><gco:CharacterString>GEMET - INSPIRE themes, version 1.0</gco:CharacterString></title><date><CI_Date><date><gco:Date>2008-06-01</gco:Date></date><dateType><CI_DateTypeCode codeList="http://standards.iso.org/ittf/PubliclyAvailableStandards/ISO_19139_Schemas/resources/Codelist/ML_gmxCodelists.xml#CI_DateTypeCode" codeListValue="publication">publication</CI_DateTypeCode></dateType></CI_Date></date></CI_Citation></thesaurusName></MD_Keywords></descriptiveKeywords><resourceConstraints><MD_LegalConstraints><useConstraints><MD_RestrictionCode codeList="http://standards.iso.org/ittf/PubliclyAvailableStandards/ISO_19139_Schemas/resources/Codelist/gmxCodelists.xml#MD_RestrictionCode" codeListValue="intellectualPropertyRights">intellectualPropertyRights</MD_RestrictionCode></useConstraints><otherConstraints><gco:CharacterString>Pas de diffusion sans autorisation préalable (cf convention). Mention des sources sur les éditions.</gco:CharacterString></otherConstraints></MD_LegalConstraints></resourceConstraints><resourceConstraints><MD_LegalConstraints><useConstraints><MD_RestrictionCode codeList="http://standards.iso.org/ittf/PubliclyAvailableStandards/ISO_19139_Schemas/resources/Codelist/gmxCodelists.xml#MD_RestrictionCode" codeListValue="intellectualPropertyRights">intellectualPropertyRights</MD_RestrictionCode></useConstraints><otherConstraints><gco:CharacterString>Pas de diffusion sans autorisation préalable (cf convention). Mention des sources sur les éditions.</gco:CharacterString></otherConstraints></MD_LegalConstraints></resourceConstraints><resourceConstraints><MD_LegalConstraints><accessConstraints><MD_RestrictionCode codeList="http://standards.iso.org/ittf/PubliclyAvailableStandards/ISO_19139_Schemas/resources/Codelist/gmxCodelists.xml#MD_RestrictionCode" codeListValue="intellectualPropertyRights">intellectualPropertyRights</MD_RestrictionCode></accessConstraints><otherConstraints><gco:CharacterString>Pas de diffusion sans autorisation préalable (cf convention). Mention des sources sur les éditions.</gco:CharacterString></otherConstraints></MD_LegalConstraints></resourceConstraints><spatialResolution><MD_Resolution><equivalentScale><MD_RepresentativeFraction><denominator><gco:Integer>25000</gco:Integer></denominator></MD_RepresentativeFraction></equivalentScale></MD_Resolution></spatialResolution><extent><EX_Extent><geographicElement><EX_GeographicBoundingBox><westBoundLongitude><gco:Decimal>1.47633402213817</gco:Decimal></westBoundLongitude><eastBoundLongitude><gco:Decimal>4.25592195891152</gco:Decimal></eastBoundLongitude><southBoundLatitude><gco:Decimal>49.8892691260809</gco:Decimal></southBoundLatitude><northBoundLatitude><gco:Decimal>50.930719297347</gco:Decimal></northBoundLatitude></EX_GeographicBoundingBox></geographicElement></EX_Extent></extent></MD_DataIdentification></identificationInfo><distributionInfo><MD_Distribution><distributionFormat><MD_Format><name><gco:CharacterString>SHP</gco:CharacterString></name></MD_Format></distributionFormat><transferOptions><MD_DigitalTransferOptions><onLine><CI_OnlineResource><linkage><URL>https://app.isogeo.com/#inventory/datasets/5cb5cbeb-fcbc-e111-a39d-bc305bd1b744</URL></linkage></CI_OnlineResource></onLine></MD_DigitalTransferOptions></transferOptions></MD_Distribution></distributionInfo><dataQualityInfo><DQ_DataQuality><lineage><LI_Lineage><statement><gco:CharacterString>Localiser les Zico, connaître la valeur des milieux naturels pour l'Avifaune.</gco:CharacterString></statement><processStep><LI_ProcessStep><description><gco:CharacterString>Digitalisation par la DIREN sur fonds (Scan 100 IGN jusqu'en 2002 des plans de situation associés) puis Scan 25 IGN.
</gco:CharacterString></description></LI_ProcessStep></processStep></LI_Lineage></lineage></DQ_DataQuality></dataQualityInfo></MD_Metadata>