﻿<?xml version="1.0" encoding="utf-8"?><MD_Metadata xmlns:gco="http://www.isotc211.org/2005/gco" xmlns="http://www.isotc211.org/2005/gmd"><fileIdentifier><gco:CharacterString>urn:uuid:740a176b-fdbc-e111-a39d-bc305bd1b744</gco:CharacterString></fileIdentifier><language><LanguageCode codeList="http://standards.iso.org/ittf/PubliclyAvailableStandards/ISO_19139_Schemas/resources/Codelist/ML_gmxCodelists.xml#LanguageCode" codeListValue="fre">français</LanguageCode></language><characterSet><MD_CharacterSetCode codeList="http://standards.iso.org/ittf/PubliclyAvailableStandards/ISO_19139_Schemas/resources/Codelist/ML_gmxCodelists.xml#MD_CharacterSetCode" codeListValue="utf8">utf-8</MD_CharacterSetCode></characterSet><hierarchyLevel><MD_ScopeCode codeList="http://standards.iso.org/ittf/PubliclyAvailableStandards/ISO_19139_Schemas/resources/Codelist/ML_gmxCodelists.xml#MD_ScopeCode" codeListValue="dataset">dataset</MD_ScopeCode></hierarchyLevel><contact><CI_ResponsibleParty><individualName><gco:CharacterString>Frédérique Boucardet</gco:CharacterString></individualName><organisationName><gco:CharacterString>Département du Nord</gco:CharacterString></organisationName><contactInfo><CI_Contact><address><CI_Address><electronicMailAddress><gco:CharacterString>frederique.boucardet@cg59.fr</gco:CharacterString></electronicMailAddress></CI_Address></address></CI_Contact></contactInfo><role><CI_RoleCode codeList="http://standards.iso.org/ittf/PubliclyAvailableStandards/ISO_19139_Schemas/resources/Codelist/gmxCodelists.xml#CI_RoleCode" codeListValue="pointOfContact">pointOfContact</CI_RoleCode></role></CI_ResponsibleParty></contact><dateStamp><gco:Date>2010-12-30Z</gco:Date></dateStamp><metadataStandardName><gco:CharacterString>ISO 19115 Geographic Information - Metadata</gco:CharacterString></metadataStandardName><metadataStandardVersion><gco:CharacterString>2003/Cor.1:2006</gco:CharacterString></metadataStandardVersion><spatialRepresentationInfo><MD_VectorSpatialRepresentation><geometricObjects><MD_GeometricObjects><geometricObjectType><MD_GeometricObjectTypeCode codeList="http://standards.iso.org/ittf/PubliclyAvailableStandards/ISO_19139_Schemas/resources/Codelist/gmxCodelists.xml#MD_GeometricObjectTypeCode" codeListValue="complex">complex</MD_GeometricObjectTypeCode></geometricObjectType><geometricObjectCount><gco:Integer>19</gco:Integer></geometricObjectCount></MD_GeometricObjects></geometricObjects></MD_VectorSpatialRepresentation></spatialRepresentationInfo><referenceSystemInfo><MD_ReferenceSystem><referenceSystemIdentifier><RS_Identifier><code><gco:CharacterString>2154</gco:CharacterString></code><codeSpace><gco:CharacterString>urn:ogc:def:crs:EPSG</gco:CharacterString></codeSpace></RS_Identifier></referenceSystemIdentifier></MD_ReferenceSystem></referenceSystemInfo><identificationInfo><MD_DataIdentification><citation><CI_Citation><title><gco:CharacterString>Les itinéraires en 2011 dans le département du Nord et d’une partie Pas-de-Calais.</gco:CharacterString></title><alternateTitle><gco:CharacterString>bdc_itineraire</gco:CharacterString></alternateTitle><date><CI_Date><date><gco:DateTime>2012-06-23T06:37:19.807</gco:DateTime></date><dateType><CI_DateTypeCode codeList="http://standards.iso.org/ittf/PubliclyAvailableStandards/ISO_19139_Schemas/resources/Codelist/ML_gmxCodelists.xml#CI_DateTypeCode" codeListValue="revision">revision</CI_DateTypeCode></dateType></CI_Date></date><identifier><MD_Identifier><code><gco:CharacterString>740a176b-fdbc-e111-a39d-bc305bd1b744</gco:CharacterString></code></MD_Identifier></identifier></CI_Citation></citation><abstract><gco:CharacterString>Cette donnée représente les itiniraires en 2011 dans le département du Nord et d’une partie Pas-de-Calais. Pour cette donnée il ne faut pas aller au delà du 1/50.000. Cette donnée concerne les ensembles de parcours continus empruntant des tronçons de  route, chemin ou sentier et identifiés par un toponyme et/ou un numéro (routes européennes…).
</gco:CharacterString></abstract><descriptiveKeywords><MD_Keywords><keyword><gco:CharacterString>IGN</gco:CharacterString></keyword><keyword><gco:CharacterString>BD Carto</gco:CharacterString></keyword><keyword><gco:CharacterString>Réseau routier</gco:CharacterString></keyword></MD_Keywords></descriptiveKeywords><descriptiveKeywords><MD_Keywords><keyword><gco:CharacterString>Réseaux de transport</gco:CharacterString></keyword><keyword><gco:CharacterString>Services d'utilité publique et services publics</gco:CharacterString></keyword><thesaurusName><CI_Citation><title><gco:CharacterString>GEMET - INSPIRE themes, version 1.0</gco:CharacterString></title><date><CI_Date><date><gco:Date>2008-06-01</gco:Date></date><dateType><CI_DateTypeCode codeList="http://standards.iso.org/ittf/PubliclyAvailableStandards/ISO_19139_Schemas/resources/Codelist/ML_gmxCodelists.xml#CI_DateTypeCode" codeListValue="publication">publication</CI_DateTypeCode></dateType></CI_Date></date></CI_Citation></thesaurusName></MD_Keywords></descriptiveKeywords><resourceConstraints><MD_LegalConstraints><useConstraints><MD_RestrictionCode codeList="http://standards.iso.org/ittf/PubliclyAvailableStandards/ISO_19139_Schemas/resources/Codelist/gmxCodelists.xml#MD_RestrictionCode" codeListValue="license">license</MD_RestrictionCode></useConstraints><otherConstraints><gco:CharacterString>Cette donnée doit passer par une licence ppige. L'origine des données doit être mentionnée sur tout document produit ainsi que le logo ppige. Il y a une possibilité de mise à disposition temporaire aux prestataires (acte d'engagement).</gco:CharacterString></otherConstraints></MD_LegalConstraints></resourceConstraints><resourceConstraints><MD_LegalConstraints><useConstraints><MD_RestrictionCode codeList="http://standards.iso.org/ittf/PubliclyAvailableStandards/ISO_19139_Schemas/resources/Codelist/gmxCodelists.xml#MD_RestrictionCode" codeListValue="license">license</MD_RestrictionCode></useConstraints><otherConstraints><gco:CharacterString>Cette donnée doit passer par une licence ppige. L'origine des données doit être mentionnée sur tout document produit ainsi que le logo ppige. Il y a une possibilité de mise à disposition temporaire aux prestataires (acte d'engagement).</gco:CharacterString></otherConstraints></MD_LegalConstraints></resourceConstraints><resourceConstraints><MD_LegalConstraints><accessConstraints><MD_RestrictionCode codeList="http://standards.iso.org/ittf/PubliclyAvailableStandards/ISO_19139_Schemas/resources/Codelist/gmxCodelists.xml#MD_RestrictionCode" codeListValue="license">license</MD_RestrictionCode></accessConstraints><otherConstraints><gco:CharacterString>Cette donnée doit passer par une licence ppige. L'origine des données doit être mentionnée sur tout document produit ainsi que le logo ppige. Il y a une possibilité de mise à disposition temporaire aux prestataires (acte d'engagement).</gco:CharacterString></otherConstraints></MD_LegalConstraints></resourceConstraints><spatialResolution><MD_Resolution><equivalentScale><MD_RepresentativeFraction><denominator><gco:Integer>50000</gco:Integer></denominator></MD_RepresentativeFraction></equivalentScale></MD_Resolution></spatialResolution><extent><EX_Extent><geographicElement><EX_GeographicBoundingBox><westBoundLongitude><gco:Decimal>1.61931528432113</gco:Decimal></westBoundLongitude><eastBoundLongitude><gco:Decimal>3.9339553238767</gco:Decimal></eastBoundLongitude><southBoundLatitude><gco:Decimal>49.9700256017314</gco:Decimal></southBoundLatitude><northBoundLatitude><gco:Decimal>51.0545560811547</gco:Decimal></northBoundLatitude></EX_GeographicBoundingBox></geographicElement></EX_Extent></extent></MD_DataIdentification></identificationInfo><distributionInfo><MD_Distribution><distributionFormat><MD_Format><name><gco:CharacterString>SHP</gco:CharacterString></name></MD_Format></distributionFormat><transferOptions><MD_DigitalTransferOptions><onLine><CI_OnlineResource><linkage><URL>https://app.isogeo.com/#inventory/datasets/740a176b-fdbc-e111-a39d-bc305bd1b744</URL></linkage></CI_OnlineResource></onLine></MD_DigitalTransferOptions></transferOptions></MD_Distribution></distributionInfo><dataQualityInfo><DQ_DataQuality><lineage><LI_Lineage><statement><gco:CharacterString>Cette donnée sert de référentiel spatial aux moyennes échelles.</gco:CharacterString></statement><processStep><LI_ProcessStep><description><gco:CharacterString>Cette donnée a été créée avec la BD Carto  via PPIGE en 2006 (archives) et 2011.</gco:CharacterString></description></LI_ProcessStep></processStep></LI_Lineage></lineage></DQ_DataQuality></dataQualityInfo></MD_Metadata>