﻿<?xml version="1.0" encoding="utf-8"?><MD_Metadata xmlns:gco="http://www.isotc211.org/2005/gco" xmlns="http://www.isotc211.org/2005/gmd"><fileIdentifier><gco:CharacterString>urn:uuid:9494d4f1-fcbc-e111-a39d-bc305bd1b744</gco:CharacterString></fileIdentifier><language><LanguageCode codeList="http://standards.iso.org/ittf/PubliclyAvailableStandards/ISO_19139_Schemas/resources/Codelist/ML_gmxCodelists.xml#LanguageCode" codeListValue="fre">français</LanguageCode></language><characterSet><MD_CharacterSetCode codeList="http://standards.iso.org/ittf/PubliclyAvailableStandards/ISO_19139_Schemas/resources/Codelist/ML_gmxCodelists.xml#MD_CharacterSetCode" codeListValue="utf8">utf-8</MD_CharacterSetCode></characterSet><hierarchyLevel><MD_ScopeCode codeList="http://standards.iso.org/ittf/PubliclyAvailableStandards/ISO_19139_Schemas/resources/Codelist/ML_gmxCodelists.xml#MD_ScopeCode" codeListValue="dataset">dataset</MD_ScopeCode></hierarchyLevel><metadataStandardName><gco:CharacterString>ISO 19115 Geographic Information - Metadata</gco:CharacterString></metadataStandardName><metadataStandardVersion><gco:CharacterString>2003/Cor.1:2006</gco:CharacterString></metadataStandardVersion><spatialRepresentationInfo><MD_VectorSpatialRepresentation><geometricObjects><MD_GeometricObjects><geometricObjectType><MD_GeometricObjectTypeCode codeList="http://standards.iso.org/ittf/PubliclyAvailableStandards/ISO_19139_Schemas/resources/Codelist/gmxCodelists.xml#MD_GeometricObjectTypeCode" codeListValue="complex">complex</MD_GeometricObjectTypeCode></geometricObjectType><geometricObjectCount><gco:Integer>12</gco:Integer></geometricObjectCount></MD_GeometricObjects></geometricObjects></MD_VectorSpatialRepresentation></spatialRepresentationInfo><referenceSystemInfo><MD_ReferenceSystem><referenceSystemIdentifier><RS_Identifier><code><gco:CharacterString>2154</gco:CharacterString></code><codeSpace><gco:CharacterString>urn:ogc:def:crs:EPSG</gco:CharacterString></codeSpace></RS_Identifier></referenceSystemIdentifier></MD_ReferenceSystem></referenceSystemInfo><identificationInfo><MD_DataIdentification><citation><CI_Citation><title><gco:CharacterString>Plan de Prévention des Risques en 2009 dans la commune de Wahagnies</gco:CharacterString></title><alternateTitle><gco:CharacterString>L_PPRNHABILLAGE_S_D59</gco:CharacterString></alternateTitle><date><CI_Date><date><gco:DateTime>2012-06-23T06:37:19.807</gco:DateTime></date><dateType><CI_DateTypeCode codeList="http://standards.iso.org/ittf/PubliclyAvailableStandards/ISO_19139_Schemas/resources/Codelist/ML_gmxCodelists.xml#CI_DateTypeCode" codeListValue="revision">revision</CI_DateTypeCode></dateType></CI_Date></date><identifier><MD_Identifier><code><gco:CharacterString>9494d4f1-fcbc-e111-a39d-bc305bd1b744</gco:CharacterString></code></MD_Identifier></identifier></CI_Citation></citation><descriptiveKeywords><MD_Keywords><keyword><gco:CharacterString>risque</gco:CharacterString></keyword><keyword><gco:CharacterString>DDTM</gco:CharacterString></keyword><keyword><gco:CharacterString>prévention</gco:CharacterString></keyword><keyword><gco:CharacterString>PPRN</gco:CharacterString></keyword><keyword><gco:CharacterString>environnement</gco:CharacterString></keyword></MD_Keywords></descriptiveKeywords><descriptiveKeywords><MD_Keywords><keyword><gco:CharacterString>Zones à risque naturel</gco:CharacterString></keyword><thesaurusName><CI_Citation><title><gco:CharacterString>GEMET - INSPIRE themes, version 1.0</gco:CharacterString></title><date><CI_Date><date><gco:Date>2008-06-01</gco:Date></date><dateType><CI_DateTypeCode codeList="http://standards.iso.org/ittf/PubliclyAvailableStandards/ISO_19139_Schemas/resources/Codelist/ML_gmxCodelists.xml#CI_DateTypeCode" codeListValue="publication">publication</CI_DateTypeCode></dateType></CI_Date></date></CI_Citation></thesaurusName></MD_Keywords></descriptiveKeywords><extent><EX_Extent><geographicElement><EX_GeographicBoundingBox><westBoundLongitude><gco:Decimal>3.01684161090051</gco:Decimal></westBoundLongitude><eastBoundLongitude><gco:Decimal>3.05154614743686</gco:Decimal></eastBoundLongitude><southBoundLatitude><gco:Decimal>50.4631297475547</gco:Decimal></southBoundLatitude><northBoundLatitude><gco:Decimal>50.4983958122619</gco:Decimal></northBoundLatitude></EX_GeographicBoundingBox></geographicElement></EX_Extent></extent></MD_DataIdentification></identificationInfo><distributionInfo><MD_Distribution><distributionFormat><MD_Format><name><gco:CharacterString>SHP</gco:CharacterString></name></MD_Format></distributionFormat><transferOptions><MD_DigitalTransferOptions><onLine><CI_OnlineResource><linkage><URL>https://app.isogeo.com/#inventory/datasets/9494d4f1-fcbc-e111-a39d-bc305bd1b744</URL></linkage></CI_OnlineResource></onLine></MD_DigitalTransferOptions></transferOptions></MD_Distribution></distributionInfo></MD_Metadata>