﻿<?xml version="1.0" encoding="utf-8"?><MD_Metadata xmlns:gco="http://www.isotc211.org/2005/gco" xmlns="http://www.isotc211.org/2005/gmd"><fileIdentifier><gco:CharacterString>urn:uuid:9dd94db2-fcbc-e111-a39d-bc305bd1b744</gco:CharacterString></fileIdentifier><language><LanguageCode codeList="http://standards.iso.org/ittf/PubliclyAvailableStandards/ISO_19139_Schemas/resources/Codelist/ML_gmxCodelists.xml#LanguageCode" codeListValue="fre">français</LanguageCode></language><characterSet><MD_CharacterSetCode codeList="http://standards.iso.org/ittf/PubliclyAvailableStandards/ISO_19139_Schemas/resources/Codelist/ML_gmxCodelists.xml#MD_CharacterSetCode" codeListValue="utf8">utf-8</MD_CharacterSetCode></characterSet><hierarchyLevel><MD_ScopeCode codeList="http://standards.iso.org/ittf/PubliclyAvailableStandards/ISO_19139_Schemas/resources/Codelist/ML_gmxCodelists.xml#MD_ScopeCode" codeListValue="dataset">dataset</MD_ScopeCode></hierarchyLevel><contact><CI_ResponsibleParty><individualName><gco:CharacterString>Frédérique Boucardet</gco:CharacterString></individualName><organisationName><gco:CharacterString>Département du Nord</gco:CharacterString></organisationName><contactInfo><CI_Contact><address><CI_Address><electronicMailAddress><gco:CharacterString>frederique.boucardet@cg59.fr</gco:CharacterString></electronicMailAddress></CI_Address></address></CI_Contact></contactInfo><role><CI_RoleCode codeList="http://standards.iso.org/ittf/PubliclyAvailableStandards/ISO_19139_Schemas/resources/Codelist/gmxCodelists.xml#CI_RoleCode" codeListValue="pointOfContact">pointOfContact</CI_RoleCode></role></CI_ResponsibleParty></contact><dateStamp><gco:Date>2008-01-01+01:00</gco:Date></dateStamp><metadataStandardName><gco:CharacterString>ISO 19115 Geographic Information - Metadata</gco:CharacterString></metadataStandardName><metadataStandardVersion><gco:CharacterString>2003/Cor.1:2006</gco:CharacterString></metadataStandardVersion><spatialRepresentationInfo><MD_VectorSpatialRepresentation><geometricObjects><MD_GeometricObjects><geometricObjectType><MD_GeometricObjectTypeCode codeList="http://standards.iso.org/ittf/PubliclyAvailableStandards/ISO_19139_Schemas/resources/Codelist/gmxCodelists.xml#MD_GeometricObjectTypeCode" codeListValue="complex">complex</MD_GeometricObjectTypeCode></geometricObjectType><geometricObjectCount><gco:Integer>2</gco:Integer></geometricObjectCount></MD_GeometricObjects></geometricObjects></MD_VectorSpatialRepresentation></spatialRepresentationInfo><referenceSystemInfo><MD_ReferenceSystem><referenceSystemIdentifier><RS_Identifier><code><gco:CharacterString>2154</gco:CharacterString></code><codeSpace><gco:CharacterString>urn:ogc:def:crs:EPSG</gco:CharacterString></codeSpace></RS_Identifier></referenceSystemIdentifier></MD_ReferenceSystem></referenceSystemInfo><identificationInfo><MD_DataIdentification><citation><CI_Citation><title><gco:CharacterString>Les masses d'eau souterraine de type sables tertiaires dans le bassin versant Artois-Picardie en 2008.</gco:CharacterString></title><alternateTitle><gco:CharacterString>GWBody_sablestertiaires</gco:CharacterString></alternateTitle><date><CI_Date><date><gco:DateTime>2012-06-23T06:37:19.807</gco:DateTime></date><dateType><CI_DateTypeCode codeList="http://standards.iso.org/ittf/PubliclyAvailableStandards/ISO_19139_Schemas/resources/Codelist/ML_gmxCodelists.xml#CI_DateTypeCode" codeListValue="revision">revision</CI_DateTypeCode></dateType></CI_Date></date><identifier><MD_Identifier><code><gco:CharacterString>9dd94db2-fcbc-e111-a39d-bc305bd1b744</gco:CharacterString></code></MD_Identifier></identifier></CI_Citation></citation><abstract><gco:CharacterString>Cette donnée représente les masses d'eau souterraine de type sables tertiares dans le bassin versant Artois-Picardie en 2008.</gco:CharacterString></abstract><descriptiveKeywords><MD_Keywords><keyword><gco:CharacterString>Géologie</gco:CharacterString></keyword><keyword><gco:CharacterString>Agence de l'eau</gco:CharacterString></keyword><keyword><gco:CharacterString>Sol</gco:CharacterString></keyword></MD_Keywords></descriptiveKeywords><descriptiveKeywords><MD_Keywords><keyword><gco:CharacterString>Géologie</gco:CharacterString></keyword><keyword><gco:CharacterString>Sols</gco:CharacterString></keyword><keyword><gco:CharacterString>Sources d'énergie</gco:CharacterString></keyword><keyword><gco:CharacterString>Ressources minérales</gco:CharacterString></keyword><thesaurusName><CI_Citation><title><gco:CharacterString>GEMET - INSPIRE themes, version 1.0</gco:CharacterString></title><date><CI_Date><date><gco:Date>2008-06-01</gco:Date></date><dateType><CI_DateTypeCode codeList="http://standards.iso.org/ittf/PubliclyAvailableStandards/ISO_19139_Schemas/resources/Codelist/ML_gmxCodelists.xml#CI_DateTypeCode" codeListValue="publication">publication</CI_DateTypeCode></dateType></CI_Date></date></CI_Citation></thesaurusName></MD_Keywords></descriptiveKeywords><resourceConstraints><MD_LegalConstraints><useConstraints><MD_RestrictionCode codeList="http://standards.iso.org/ittf/PubliclyAvailableStandards/ISO_19139_Schemas/resources/Codelist/gmxCodelists.xml#MD_RestrictionCode" codeListValue="copyright">copyright</MD_RestrictionCode></useConstraints><otherConstraints><gco:CharacterString>Utilisation par le bief d'une convention, droit d'auteur et droit moral.</gco:CharacterString></otherConstraints></MD_LegalConstraints></resourceConstraints><resourceConstraints><MD_LegalConstraints><useConstraints><MD_RestrictionCode codeList="http://standards.iso.org/ittf/PubliclyAvailableStandards/ISO_19139_Schemas/resources/Codelist/gmxCodelists.xml#MD_RestrictionCode" codeListValue="intellectualPropertyRights">intellectualPropertyRights</MD_RestrictionCode></useConstraints><otherConstraints><gco:CharacterString>Utilisation par le bief d'une convention, droit d'auteur et droit moral.</gco:CharacterString></otherConstraints></MD_LegalConstraints></resourceConstraints><resourceConstraints><MD_LegalConstraints><accessConstraints><MD_RestrictionCode codeList="http://standards.iso.org/ittf/PubliclyAvailableStandards/ISO_19139_Schemas/resources/Codelist/gmxCodelists.xml#MD_RestrictionCode" codeListValue="intellectualPropertyRights">intellectualPropertyRights</MD_RestrictionCode></accessConstraints><otherConstraints><gco:CharacterString>Utilisation par le bief d'une convention, droit d'auteur et droit moral.</gco:CharacterString></otherConstraints></MD_LegalConstraints></resourceConstraints><spatialResolution><MD_Resolution><equivalentScale><MD_RepresentativeFraction><denominator><gco:Integer>50000</gco:Integer></denominator></MD_RepresentativeFraction></equivalentScale></MD_Resolution></spatialResolution><extent><EX_Extent><geographicElement><EX_GeographicBoundingBox><westBoundLongitude><gco:Decimal>1.82137082024635</gco:Decimal></westBoundLongitude><eastBoundLongitude><gco:Decimal>3.68257636049853</gco:Decimal></eastBoundLongitude><southBoundLatitude><gco:Decimal>50.2854177832371</gco:Decimal></southBoundLatitude><northBoundLatitude><gco:Decimal>51.0882984732602</gco:Decimal></northBoundLatitude></EX_GeographicBoundingBox></geographicElement></EX_Extent></extent></MD_DataIdentification></identificationInfo><distributionInfo><MD_Distribution><distributionFormat><MD_Format><name><gco:CharacterString>SHP</gco:CharacterString></name></MD_Format></distributionFormat><transferOptions><MD_DigitalTransferOptions><onLine><CI_OnlineResource><linkage><URL>https://app.isogeo.com/#inventory/datasets/9dd94db2-fcbc-e111-a39d-bc305bd1b744</URL></linkage></CI_OnlineResource></onLine></MD_DigitalTransferOptions></transferOptions></MD_Distribution></distributionInfo></MD_Metadata>