﻿<?xml version="1.0" encoding="utf-8"?><MD_Metadata xmlns:gco="http://www.isotc211.org/2005/gco" xmlns="http://www.isotc211.org/2005/gmd"><fileIdentifier><gco:CharacterString>urn:uuid:a34f913e-fcbc-e111-a39d-bc305bd1b744</gco:CharacterString></fileIdentifier><language><LanguageCode codeList="http://standards.iso.org/ittf/PubliclyAvailableStandards/ISO_19139_Schemas/resources/Codelist/ML_gmxCodelists.xml#LanguageCode" codeListValue="fre">français</LanguageCode></language><characterSet><MD_CharacterSetCode codeList="http://standards.iso.org/ittf/PubliclyAvailableStandards/ISO_19139_Schemas/resources/Codelist/ML_gmxCodelists.xml#MD_CharacterSetCode" codeListValue="utf8">utf-8</MD_CharacterSetCode></characterSet><hierarchyLevel><MD_ScopeCode codeList="http://standards.iso.org/ittf/PubliclyAvailableStandards/ISO_19139_Schemas/resources/Codelist/ML_gmxCodelists.xml#MD_ScopeCode" codeListValue="dataset">dataset</MD_ScopeCode></hierarchyLevel><contact><CI_ResponsibleParty><individualName><gco:CharacterString>Frédérique Boucardet</gco:CharacterString></individualName><organisationName><gco:CharacterString>Département du Nord</gco:CharacterString></organisationName><contactInfo><CI_Contact><address><CI_Address><electronicMailAddress><gco:CharacterString>frederique.boucardet@cg59.fr</gco:CharacterString></electronicMailAddress></CI_Address></address></CI_Contact></contactInfo><role><CI_RoleCode codeList="http://standards.iso.org/ittf/PubliclyAvailableStandards/ISO_19139_Schemas/resources/Codelist/gmxCodelists.xml#CI_RoleCode" codeListValue="pointOfContact">pointOfContact</CI_RoleCode></role></CI_ResponsibleParty></contact><dateStamp><gco:Date>2007-12-31Z</gco:Date></dateStamp><metadataStandardName><gco:CharacterString>ISO 19115 Geographic Information - Metadata</gco:CharacterString></metadataStandardName><metadataStandardVersion><gco:CharacterString>2003/Cor.1:2006</gco:CharacterString></metadataStandardVersion><spatialRepresentationInfo><MD_VectorSpatialRepresentation><geometricObjects><MD_GeometricObjects><geometricObjectType><MD_GeometricObjectTypeCode codeList="http://standards.iso.org/ittf/PubliclyAvailableStandards/ISO_19139_Schemas/resources/Codelist/gmxCodelists.xml#MD_GeometricObjectTypeCode" codeListValue="complex">complex</MD_GeometricObjectTypeCode></geometricObjectType><geometricObjectCount><gco:Integer>51635</gco:Integer></geometricObjectCount></MD_GeometricObjects></geometricObjects></MD_VectorSpatialRepresentation></spatialRepresentationInfo><referenceSystemInfo><MD_ReferenceSystem><referenceSystemIdentifier><RS_Identifier><code><gco:CharacterString>2154</gco:CharacterString></code><codeSpace><gco:CharacterString>urn:ogc:def:crs:EPSG</gco:CharacterString></codeSpace></RS_Identifier></referenceSystemIdentifier></MD_ReferenceSystem></referenceSystemInfo><identificationInfo><MD_DataIdentification><citation><CI_Citation><title><gco:CharacterString>Courbes de niveaux lissées issues du MNT de la B.D.TOPO de l'I.G.N en 2008 dans le département du Nord.</gco:CharacterString></title><alternateTitle><gco:CharacterString>Courbes2500</gco:CharacterString></alternateTitle><date><CI_Date><date><gco:DateTime>2012-06-23T06:37:19.807</gco:DateTime></date><dateType><CI_DateTypeCode codeList="http://standards.iso.org/ittf/PubliclyAvailableStandards/ISO_19139_Schemas/resources/Codelist/ML_gmxCodelists.xml#CI_DateTypeCode" codeListValue="revision">revision</CI_DateTypeCode></dateType></CI_Date></date><identifier><MD_Identifier><code><gco:CharacterString>a34f913e-fcbc-e111-a39d-bc305bd1b744</gco:CharacterString></code></MD_Identifier></identifier></CI_Citation></citation><abstract><gco:CharacterString>Courbes de niveaux lissées issues du Modèle Numérique de Terrain (MNT) de la B.D.TOPO de l'I.G.N en 2008 dans le département du Nord.
</gco:CharacterString></abstract><descriptiveKeywords><MD_Keywords><keyword><gco:CharacterString>IGN</gco:CharacterString></keyword><keyword><gco:CharacterString>BD Topo</gco:CharacterString></keyword><keyword><gco:CharacterString>Altitude - relief</gco:CharacterString></keyword></MD_Keywords></descriptiveKeywords><descriptiveKeywords><MD_Keywords><keyword><gco:CharacterString>Référentiels de coordonnées</gco:CharacterString></keyword><thesaurusName><CI_Citation><title><gco:CharacterString>GEMET - INSPIRE themes, version 1.0</gco:CharacterString></title><date><CI_Date><date><gco:Date>2008-06-01</gco:Date></date><dateType><CI_DateTypeCode codeList="http://standards.iso.org/ittf/PubliclyAvailableStandards/ISO_19139_Schemas/resources/Codelist/ML_gmxCodelists.xml#CI_DateTypeCode" codeListValue="publication">publication</CI_DateTypeCode></dateType></CI_Date></date></CI_Citation></thesaurusName></MD_Keywords></descriptiveKeywords><resourceConstraints><MD_LegalConstraints><useConstraints><MD_RestrictionCode codeList="http://standards.iso.org/ittf/PubliclyAvailableStandards/ISO_19139_Schemas/resources/Codelist/gmxCodelists.xml#MD_RestrictionCode" codeListValue="trademark">trademark</MD_RestrictionCode></useConstraints><otherConstraints><gco:CharacterString>La diffusion de la donnée n'est pas autorisée. Il n'y a pas de restriction pour l'utilisation interne.  L'origine des données doit être mentionnée sur tout document produit. Possibilité de mise à disposition temporaire (acte d'engagement) Usage sous 3D Analyst ou Spatial Analyst. Pas de diffusion sans accord préalable.</gco:CharacterString></otherConstraints></MD_LegalConstraints></resourceConstraints><resourceConstraints><MD_LegalConstraints><useConstraints><MD_RestrictionCode codeList="http://standards.iso.org/ittf/PubliclyAvailableStandards/ISO_19139_Schemas/resources/Codelist/gmxCodelists.xml#MD_RestrictionCode" codeListValue="trademark">trademark</MD_RestrictionCode></useConstraints><otherConstraints><gco:CharacterString>La diffusion de la donnée n'est pas autorisée. Il n'y a pas de restriction pour l'utilisation interne.  L'origine des données doit être mentionnée sur tout document produit. Possibilité de mise à disposition temporaire (acte d'engagement) Usage sous 3D Analyst ou Spatial Analyst. Pas de diffusion sans accord préalable.</gco:CharacterString></otherConstraints></MD_LegalConstraints></resourceConstraints><resourceConstraints><MD_LegalConstraints><accessConstraints><MD_RestrictionCode codeList="http://standards.iso.org/ittf/PubliclyAvailableStandards/ISO_19139_Schemas/resources/Codelist/gmxCodelists.xml#MD_RestrictionCode" codeListValue="trademark">trademark</MD_RestrictionCode></accessConstraints><otherConstraints><gco:CharacterString>La diffusion de la donnée n'est pas autorisée. Il n'y a pas de restriction pour l'utilisation interne.  L'origine des données doit être mentionnée sur tout document produit. Possibilité de mise à disposition temporaire (acte d'engagement) Usage sous 3D Analyst ou Spatial Analyst. Pas de diffusion sans accord préalable.</gco:CharacterString></otherConstraints></MD_LegalConstraints></resourceConstraints><spatialResolution><MD_Resolution><equivalentScale><MD_RepresentativeFraction><denominator><gco:Integer>25000</gco:Integer></denominator></MD_RepresentativeFraction></equivalentScale></MD_Resolution></spatialResolution><extent><EX_Extent><geographicElement><EX_GeographicBoundingBox><westBoundLongitude><gco:Decimal>2.05072247931929</gco:Decimal></westBoundLongitude><eastBoundLongitude><gco:Decimal>4.26002018274346</gco:Decimal></eastBoundLongitude><southBoundLatitude><gco:Decimal>49.9521327267106</gco:Decimal></southBoundLatitude><northBoundLatitude><gco:Decimal>51.0886321552048</gco:Decimal></northBoundLatitude></EX_GeographicBoundingBox></geographicElement></EX_Extent></extent></MD_DataIdentification></identificationInfo><distributionInfo><MD_Distribution><distributionFormat><MD_Format><name><gco:CharacterString>SHP</gco:CharacterString></name></MD_Format></distributionFormat><transferOptions><MD_DigitalTransferOptions><onLine><CI_OnlineResource><linkage><URL>https://app.isogeo.com/#inventory/datasets/a34f913e-fcbc-e111-a39d-bc305bd1b744</URL></linkage></CI_OnlineResource></onLine></MD_DigitalTransferOptions></transferOptions></MD_Distribution></distributionInfo><dataQualityInfo><DQ_DataQuality><lineage><LI_Lineage><statement><gco:CharacterString>Modèlisation 3D</gco:CharacterString></statement><processStep><LI_ProcessStep><description><gco:CharacterString>Cette donnée est issue de la   BD TOPO® version «Pays» et de la BD ALTI®  de l'I.G.N.
</gco:CharacterString></description></LI_ProcessStep></processStep></LI_Lineage></lineage></DQ_DataQuality></dataQualityInfo></MD_Metadata>